binning,indexing total, transformation, indexing,total time,index file size
2185774.000000,41104643.000000,253309726,52745378,43290417.000000,