binning,indexing total, transformation, indexing,total time,index file size
2155381.000000,37391700.000000,251699962,54680210,39547081.000000,