binning,indexing total, transformation, indexing,total time,index file size
175265612.000000,17442226.000000,250784018,317811735,192707838.000000,