binning,indexing total, transformation, indexing,total time,index file size
175550215.000000,16996058.000000,270246419,283587638,192546273.000000,