binning,indexing total, transformation, indexing,total time,index file size
142944.000000,8688831.000000,28824306,278313490,8831775.000000,