binning,indexing total, transformation, indexing,total time,index file size
137707.000000,5048672.000000,25065112,150356489,5186379.000000,