binning,indexing total, transformation, indexing,total time,index file size
2251861.000000,30086613.000000,91550636,24051371,32338474.000000,