binning,indexing total, transformation, indexing,total time,index file size
2260001.000000,28004447.000000,90665858,20080724,30264448.000000,