binning,indexing total, transformation, indexing,total time,index file size
2126517.000000,33429894.000000,195974403,53857612,35556411.000000,