binning,indexing total, transformation, indexing,total time,index file size
2195809.000000,31049387.000000,191197075,54010560,33245196.000000,