binning,indexing total, transformation, indexing,total time,index file size
2121789.000000,51188247.000000,51440363,60231517,53310036.000000,