binning,indexing total, transformation, indexing,total time,index file size
2132999.000000,47828635.000000,40428798,57918462,49961634.000000,