binning,indexing total, transformation, indexing,total time,index file size
65593837.000000,16592208.000000,327005879,138937264,82186045.000000,