binning,indexing total, transformation, indexing,total time,index file size
64926100.000000,15648153.000000,301397508,152941661,80574253.000000,