binning,indexing total, transformation, indexing,total time,index file size
3303435.000000,26516422.000000,311423871,357399821,29819857.000000,