binning,indexing total, transformation, indexing,total time,index file size
3297889.000000,18008764.000000,293155968,185166744,21306653.000000,