binning,indexing total, transformation, indexing,total time,index file size
320994.000000,17945572.000000,236808961,350826549,18266566.000000,