binning,indexing total, transformation, indexing,total time,index file size
314823.000000,16800742.000000,229824152,340199923,17115565.000000,