binning,indexing total, transformation, indexing,total time,index file size
138110.000000,4984973.000000,25342919,147489378,5123083.000000,