binning,indexing total, transformation, indexing,total time,index file size
139395.000000,8549425.000000,27383375,273858596,8688820.000000,