binning,indexing total, transformation, indexing,total time,index file size
1118769.000000,12716252.000000,123530084,274581781,13835021.000000,