binning,indexing total, transformation, indexing,total time,index file size
1101662.000000,13245731.000000,126455794,318873477,14347393.000000,