binning,indexing total, transformation, indexing,total time,index file size
31294480.000000,22698691.000000,231873996,39873731,53993171.000000,