binning,indexing total, transformation, indexing,total time,index file size
2396278.000000,21958017.000000,80861152,62293321,24354295.000000,