binning,indexing total, transformation, indexing,total time,index file size
0.000000,25650658.000000,33418503,138135638,25650658.000000,