binning,indexing total, transformation, indexing,total time,index file size
3040503.000000,20889314.000000,96339401,78779069,23929817.000000,