binning,indexing total, transformation, indexing,total time,index file size
31352335.000000,24911481.000000,237009151,49285752,56263816.000000,