binning,indexing total, transformation, indexing,total time,index file size
3372881.000000,23418691.000000,93246511,44754252,26791572.000000,