binning,indexing total, transformation, indexing,total time,index file size
3377951.000000,25643740.000000,91982940,51227056,29021691.000000,