binning,indexing total, transformation, indexing,total time,index file size
401717.000000,43717364.000000,43086589,92928978,44119081.000000,