binning,indexing total, transformation, indexing,total time,index file size
392691.000000,45689580.000000,55974594,120166829,46082271.000000,