binning,indexing total, transformation, indexing,total time,index file size
316938.000000,17405602.000000,201666848,281043194,17722540.000000,