binning,indexing total, transformation, indexing,total time,index file size
318537.000000,16964299.000000,220728686,309178679,17282836.000000,