binning,indexing total, transformation, indexing,total time,index file size
2137087.000000,19570960.000000,16256799,17162220,21708047.000000,