binning,indexing total, transformation, indexing,total time,index file size
2200587.000000,5447967.000000,16151914,7066805,7648554.000000,