binning,indexing total, transformation, indexing,total time,index file size
116914838.000000,14920534.000000,316890858,132478331,131835372.000000,