binning,indexing total, transformation, indexing,total time,index file size
114649772.000000,15081508.000000,322404660,143323891,129731280.000000,