binning,indexing total, transformation, indexing,total time,index file size
2811371.000000,21598496.000000,272721673,430306472,24409867.000000,