binning,indexing total, transformation, indexing,total time,index file size
2753132.000000,16884690.000000,244359252,272835327,19637822.000000,