binning,indexing total, transformation, indexing,total time,index file size
37847.000000,2089859.000000,3883219,64469505,2127706.000000,