binning,indexing total, transformation, indexing,total time,index file size
37049.000000,2559497.000000,4064483,82161477,2596546.000000,