binning,indexing total, transformation, indexing,total time,index file size
154494381.000000,16536354.000000,271306210,265460974,171030735.000000,