binning,indexing total, transformation, indexing,total time,index file size
154740694.000000,16888171.000000,276066454,280214734,171628865.000000,