binning,indexing total, transformation, indexing,total time,index file size
74907399.000000,16981264.000000,279954376,286545865,91888663.000000,