binning,indexing total, transformation, indexing,total time,index file size
75237101.000000,16520582.000000,265072750,269169254,91757683.000000,