binning,indexing total, transformation, indexing,total time,index file size
56100827.000000,16342435.000000,226085878,207877652,72443262.000000,