binning,indexing total, transformation, indexing,total time,index file size
55903962.000000,15365097.000000,234213401,227577829,71269059.000000,