binning,indexing total, transformation, indexing,total time,index file size
3075801.000000,18918330.000000,305287456,214227200,21994131.000000,