binning,indexing total, transformation, indexing,total time,index file size
3005694.000000,19851788.000000,304436956,276954762,22857482.000000,