binning,indexing total, transformation, indexing,total time,index file size
164128.000000,6240899.000000,32355586,180963394,6405027.000000,