binning,indexing total, transformation, indexing,total time,index file size
175795.000000,3835534.000000,21970228,97689007,4011329.000000,