binning,indexing total, transformation, indexing,total time,index file size
2187138.000000,369597815.000000,94545139,365782631,371784953.000000,