binning,indexing total, transformation, indexing,total time,index file size
2232078.000000,14216343.000000,93547829,20387599,16448421.000000,