binning,indexing total, transformation, indexing,total time,index file size
3352032.000000,1299109.000000,2491217,20093916,4651141.000000,