binning,indexing total, transformation, indexing,total time,index file size
3324860.000000,1106207.000000,2256105,16782772,4431067.000000,