binning,indexing total, transformation, indexing,total time,index file size
3051955.000000,26998300.000000,321872212,413799499,30050255.000000,