binning,indexing total, transformation, indexing,total time,index file size
3018346.000000,18601690.000000,295354217,222662084,21620036.000000,