binning,indexing total, transformation, indexing,total time,index file size
0.000000,100284020.000000,71882096,50708011,100284020.000000,