binning,indexing total, transformation, indexing,total time,index file size
2174736.000000,51219838.000000,191409142,37614641,53394574.000000,