binning,indexing total, transformation, indexing,total time,index file size
2176457.000000,48335064.000000,194797744,37728344,50511521.000000,