binning,indexing total, transformation, indexing,total time,index file size
131994.000000,8644361.000000,28056282,278221804,8776355.000000,