binning,indexing total, transformation, indexing,total time,index file size
132909.000000,4887656.000000,25568268,143338971,5020565.000000,