binning,indexing total, transformation, indexing,total time,index file size
3209977.000000,66978705.000000,549120759,1657623902,70188682.000000,