binning,indexing total, transformation, indexing,total time,index file size
3216979.000000,63300862.000000,626916668,1465201170,66517841.000000,