binning,indexing total, transformation, indexing,total time,index file size
0.000000,57524165.000000,295060755,1584649351,57524165.000000,