binning,indexing total, transformation, indexing,total time,index file size
2939189.000000,16299881.000000,325572829,190976055,19239070.000000,