binning,indexing total, transformation, indexing,total time,index file size
2954436.000000,14381662.000000,371447523,102209416,17336098.000000,