binning,indexing total, transformation, indexing,total time,index file size
83149924.000000,15266552.000000,321435957,140613335,98416476.000000,