binning,indexing total, transformation, indexing,total time,index file size
81202887.000000,13679052.000000,300513913,124286673,94881939.000000,