# index creation time in ms, memory in MB
55001.067367,97656.56640625
