# index creation time in ms, memory in MB
58881.975432,92771.12109375
