# index creation time in ms, memory in MB
46530.744592,61019.02734375
