# index creation time in ms, memory in MB
42747.851113,90717.44140625
