# index creation time in ms, memory in MB
61430.502857,38147.59765625
