binning,indexing total, transformation, indexing,total time,index file size
94885848.000000,18629562.000000,240103248,302673135,113515410.000000,