binning,indexing total, transformation, indexing,total time,index file size
93778398.000000,15907694.000000,268880155,248503167,109686092.000000,