binning,indexing total, transformation, indexing,total time,index file size
3725764.000000,19257369.000000,22751559,21946139,22983133.000000,