binning,indexing total, transformation, indexing,total time,index file size
3661307.000000,3798047.000000,22199824,42205868,7459354.000000,