binning,indexing total, transformation, indexing,total time,index file size
1571449.000000,23474633.000000,311001456,436387207,25046082.000000,