binning,indexing total, transformation, indexing,total time,index file size
1567490.000000,16677291.000000,294808676,231928920,18244781.000000,