binning,indexing total, transformation, indexing,total time,index file size
1509702.000000,48980406.000000,50572893,52203964,50490108.000000,