binning,indexing total, transformation, indexing,total time,index file size
1480687.000000,44886376.000000,39414845,48099654,46367063.000000,