binning,indexing total, transformation, indexing,total time,index file size
37574.000000,2070365.000000,3827245,63921293,2107939.000000,