binning,indexing total, transformation, indexing,total time,index file size
31023.000000,2552914.000000,3946645,82302462,2583937.000000,