binning,indexing total, transformation, indexing,total time,index file size
900951.000000,28273303.000000,118718678,306041367,29174254.000000,