binning,indexing total, transformation, indexing,total time,index file size
890498.000000,29161724.000000,107271222,244661101,30052222.000000,