binning,indexing total, transformation, indexing,total time,index file size
139673.000000,8476318.000000,28317865,272545364,8615991.000000,