binning,indexing total, transformation, indexing,total time,index file size
127095.000000,5270149.000000,25292233,156647231,5397244.000000,