binning,indexing total, transformation, indexing,total time,index file size
3046599.000000,25329293.000000,283272672,420977247,28375892.000000,