binning,indexing total, transformation, indexing,total time,index file size
3017635.000000,19840440.000000,270609130,300147085,22858075.000000,