binning,indexing total, transformation, indexing,total time,index file size
3323573.000000,21726161.000000,240311063,71209869,25049734.000000,