binning,indexing total, transformation, indexing,total time,index file size
3303497.000000,22474884.000000,248840784,67316036,25778381.000000,