binning,indexing total, transformation, indexing,total time,index file size
0.000000,22388235.000000,89672624,245405544,22388235.000000,