binning,indexing total, transformation, indexing,total time,index file size
3309234.000000,20499404.000000,255732982,72276893,23808638.000000,