binning,indexing total, transformation, indexing,total time,index file size
3298737.000000,20276191.000000,252546401,71982583,23574928.000000,