binning,indexing total, transformation, indexing,total time,index file size
2328576.000000,33659880.000000,207425463,54902383,35988456.000000,