binning,indexing total, transformation, indexing,total time,index file size
0.000000,30685685.000000,88735476,168576402,30685685.000000,