binning,indexing total, transformation, indexing,total time,index file size
2260637.000000,30896311.000000,203911301,52128694,33156948.000000,