binning,indexing total, transformation, indexing,total time,index file size
95039777.000000,20283555.000000,257162802,391968740,115323332.000000,