binning,indexing total, transformation, indexing,total time,index file size
94626002.000000,15912777.000000,263215343,210614169,110538779.000000,