binning,indexing total, transformation, indexing,total time,index file size
903586.000000,28499456.000000,120533720,307383474,29403042.000000,