binning,indexing total, transformation, indexing,total time,index file size
891589.000000,27436585.000000,114654542,226700462,28328174.000000,