binning,indexing total, transformation, indexing,total time,index file size
319447.000000,17740078.000000,279788060,300890958,18059525.000000,