binning,indexing total, transformation, indexing,total time,index file size
309185.000000,25659859.000000,319365707,548746034,25969044.000000,