binning,indexing total, transformation, indexing,total time,index file size
163451.000000,6498292.000000,30656177,189788926,6661743.000000,