binning,indexing total, transformation, indexing,total time,index file size
165360.000000,4063040.000000,24108613,106497830,4228400.000000,