binning,indexing total, transformation, indexing,total time,index file size
3248570.000000,39219929.000000,278716961,218162321,42468499.000000,