binning,indexing total, transformation, indexing,total time,index file size
0.000000,33196461.000000,94766254,136531063,33196461.000000,