binning,indexing total, transformation, indexing,total time,index file size
3258225.000000,40878886.000000,274383214,239823320,44137111.000000,