binning,indexing total, transformation, indexing,total time,index file size
881967.000000,27868816.000000,112840416,263563292,28750783.000000,