binning,indexing total, transformation, indexing,total time,index file size
891573.000000,28179292.000000,123163823,307882250,29070865.000000,