binning,indexing total, transformation, indexing,total time,index file size
3360272.000000,1355054.000000,2285869,17437070,4715326.000000,