binning,indexing total, transformation, indexing,total time,index file size
3346956.000000,1123063.000000,2377804,12385786,4470019.000000,