binning,indexing total, transformation, indexing,total time,index file size
210083.000000,8173103.000000,38636556,243857600,8383186.000000,