binning,indexing total, transformation, indexing,total time,index file size
211855.000000,17419870.000000,18444283,29639514,17631725.000000,