binning,indexing total, transformation, indexing,total time,index file size
3361583.000000,9128159.000000,92181986,53060321,12489742.000000,