binning,indexing total, transformation, indexing,total time,index file size
3351258.000000,10162611.000000,93675906,42588117,13513869.000000,