binning,indexing total, transformation, indexing,total time,index file size
194053.000000,8018927.000000,39212428,238677381,8212980.000000,