binning,indexing total, transformation, indexing,total time,index file size
192624.000000,17515266.000000,18690099,29513167,17707890.000000,