binning,indexing total, transformation, indexing,total time,index file size
198013968.000000,14488906.000000,241061259,176564992,212502874.000000,