binning,indexing total, transformation, indexing,total time,index file size
195609844.000000,15201429.000000,289393621,203276651,210811273.000000,