binning,indexing total, transformation, indexing,total time,index file size
2214724.000000,2417096.000000,12659864,7024843,4631820.000000,