binning,indexing total, transformation, indexing,total time,index file size
2204468.000000,2320219.000000,12822427,5792059,4524687.000000,