binning,indexing total, transformation, indexing,total time,index file size
17476121.000000,18319496.000000,307187578,263636941,35795617.000000,