binning,indexing total, transformation, indexing,total time,index file size
17366600.000000,16825179.000000,340595601,199034549,34191779.000000,