binning,indexing total, transformation, indexing,total time,index file size
48658480.000000,13922631.000000,305240662,108865526,62581111.000000,