binning,indexing total, transformation, indexing,total time,index file size
48989569.000000,17078338.000000,327690646,150120177,66067907.000000,