binning,indexing total, transformation, indexing,total time,index file size
1119443.000000,10702768.000000,120363054,217440252,11822211.000000,