binning,indexing total, transformation, indexing,total time,index file size
1117477.000000,13429264.000000,134599669,323173237,14546741.000000,