binning,indexing total, transformation, indexing,total time,index file size
134738.000000,8555660.000000,28300961,274826711,8690398.000000,