binning,indexing total, transformation, indexing,total time,index file size
131804.000000,4865689.000000,24844877,144110421,4997493.000000,