binning,indexing total, transformation, indexing,total time,index file size
2337910.000000,34605133.000000,223963477,46748677,36943043.000000,