binning,indexing total, transformation, indexing,total time,index file size
2143248.000000,32719649.000000,219940460,45142354,34862897.000000,