binning,indexing total, transformation, indexing,total time,index file size
3296281.000000,18248945.000000,280865330,198381636,21545226.000000,