binning,indexing total, transformation, indexing,total time,index file size
3241654.000000,20796056.000000,305523625,207871721,24037710.000000,