binning,indexing total, transformation, indexing,total time,index file size
162933.000000,6539968.000000,31216450,191146464,6702901.000000,