binning,indexing total, transformation, indexing,total time,index file size
161198.000000,3801152.000000,21375489,97835727,3962350.000000,