binning,indexing total, transformation, indexing,total time,index file size
212923.000000,7911763.000000,38733525,235488626,8124686.000000,