binning,indexing total, transformation, indexing,total time,index file size
203844.000000,17328059.000000,17906290,30088065,17531903.000000,