binning,indexing total, transformation, indexing,total time,index file size
135289619.000000,14739170.000000,248337294,196078148,150028789.000000,