binning,indexing total, transformation, indexing,total time,index file size
136009015.000000,14352689.000000,251072362,180937875,150361704.000000,