binning,indexing total, transformation, indexing,total time,index file size
3244967.000000,2566607.000000,19583722,64534613,5811574.000000,