binning,indexing total, transformation, indexing,total time,index file size
3256625.000000,4932431.000000,32238793,137263484,8189056.000000,