binning,indexing total, transformation, indexing,total time,index file size
3302275.000000,18794627.000000,320039633,174602386,22096902.000000,