binning,indexing total, transformation, indexing,total time,index file size
3316222.000000,20080251.000000,278454696,258752990,23396473.000000,