binning,indexing total, transformation, indexing,total time,index file size
3341880.000000,22486985.000000,323080987,227984965,25828865.000000,