binning,indexing total, transformation, indexing,total time,index file size
3323603.000000,18390792.000000,277910114,192726020,21714395.000000,