binning,indexing total, transformation, indexing,total time,index file size
2726627.000000,15491066.000000,279214431,173156181,18217693.000000,