binning,indexing total, transformation, indexing,total time,index file size
2728452.000000,18635800.000000,266478109,323793796,21364252.000000,