binning,indexing total, transformation, indexing,total time,index file size
147821295.000000,13803267.000000,312961135,101049672,161624562.000000,