binning,indexing total, transformation, indexing,total time,index file size
148636104.000000,14889367.000000,303407651,157628118,163525471.000000,