binning,indexing total, transformation, indexing,total time,index file size
55360507.000000,16918311.000000,274301634,281759729,72278818.000000,