binning,indexing total, transformation, indexing,total time,index file size
54534608.000000,16595527.000000,275384099,277086063,71130135.000000,