binning,indexing total, transformation, indexing,total time,index file size
0.000000,263167487.000000,191913518,623471342,263167487.000000,