binning,indexing total, transformation, indexing,total time,index file size
3308095.000000,67071166.000000,257760700,71263756,70379261.000000,