binning,indexing total, transformation, indexing,total time,index file size
3448007.000000,108826401.000000,257719259,222841663,112274408.000000,