binning,indexing total, transformation, indexing,total time,index file size
94206403.000000,16121008.000000,253695423,244931237,110327411.000000,