binning,indexing total, transformation, indexing,total time,index file size
94660023.000000,19261558.000000,250578524,384793545,113921581.000000,