binning,indexing total, transformation, indexing,total time,index file size
154383522.000000,16248151.000000,243169017,272407025,170631673.000000,