binning,indexing total, transformation, indexing,total time,index file size
154789215.000000,16263380.000000,258843176,267279085,171052595.000000,