binning,indexing total, transformation, indexing,total time,index file size
2738495.000000,17748266.000000,282647157,290044588,20486761.000000,