binning,indexing total, transformation, indexing,total time,index file size
2703440.000000,15338320.000000,288307780,164510052,18041760.000000,