binning,indexing total, transformation, indexing,total time,index file size
2703894.000000,17835850.000000,279631972,300678436,20539744.000000,