binning,indexing total, transformation, indexing,total time,index file size
2709079.000000,15549926.000000,282858764,174134948,18259005.000000,