binning,indexing total, transformation, indexing,total time,index file size
3007691.000000,15857709.000000,317306286,219156971,18865400.000000,