binning,indexing total, transformation, indexing,total time,index file size
3047836.000000,16078052.000000,325278286,226244332,19125888.000000,