binning,indexing total, transformation, indexing,total time,index file size
0.000000,155613585.000000,73644129,96090156,155613585.000000,