binning,indexing total, transformation, indexing,total time,index file size
3235336.000000,57364336.000000,224122609,71701017,60599672.000000,