binning,indexing total, transformation, indexing,total time,index file size
3279078.000000,77123834.000000,223709994,89282187,80402912.000000,