binning,indexing total, transformation, indexing,total time,index file size
1110854.000000,11549900.000000,127932334,233229651,12660754.000000,