binning,indexing total, transformation, indexing,total time,index file size
1121257.000000,14108461.000000,128577822,349311131,15229718.000000,