binning,indexing total, transformation, indexing,total time,index file size
2273276.000000,3620859.000000,10585124,6216969,5894135.000000,