binning,indexing total, transformation, indexing,total time,index file size
2244441.000000,4076913.000000,10598177,6990726,6321354.000000,