binning,indexing total, transformation, indexing,total time,index file size
74745280.000000,17043203.000000,320491378,215833142,91788483.000000,