binning,indexing total, transformation, indexing,total time,index file size
76155886.000000,21329723.000000,315952743,336305772,97485609.000000,