binning,indexing total, transformation, indexing,total time,index file size
154567.000000,6372521.000000,30575824,187275616,6527088.000000,