binning,indexing total, transformation, indexing,total time,index file size
150456.000000,3582354.000000,20653824,93573505,3732810.000000,