binning,indexing total, transformation, indexing,total time,index file size
30714043.000000,17188682.000000,57955384,18691388,47902725.000000,