binning,indexing total, transformation, indexing,total time,index file size
32374802.000000,3149609.000000,60703400,35037457,35524411.000000,