binning,indexing total, transformation, indexing,total time,index file size
4306316.000000,2768752.000000,20689624,70613432,7075068.000000,