binning,indexing total, transformation, indexing,total time,index file size
3583566.000000,17101986.000000,20149236,21126367,20685552.000000,