binning,indexing total, transformation, indexing,total time,index file size
0.000000,179976664.000000,88766501,93203784,179976664.000000,