binning,indexing total, transformation, indexing,total time,index file size
3252234.000000,62902189.000000,257805556,71724322,66154423.000000,