binning,indexing total, transformation, indexing,total time,index file size
3258398.000000,88260332.000000,254970449,71966292,91518730.000000,