binning,indexing total, transformation, indexing,total time,index file size
895191.000000,26326102.000000,115086891,238311046,27221293.000000,