binning,indexing total, transformation, indexing,total time,index file size
891838.000000,25972067.000000,108666429,198417265,26863905.000000,