binning,indexing total, transformation, indexing,total time,index file size
2760638.000000,24263081.000000,288368282,450871666,27023719.000000,