binning,indexing total, transformation, indexing,total time,index file size
2727028.000000,16097710.000000,282625119,197300992,18824738.000000,