binning,indexing total, transformation, indexing,total time,index file size
3355576.000000,21668763.000000,269468761,443443165,25024339.000000,