binning,indexing total, transformation, indexing,total time,index file size
3356860.000000,56519050.000000,434776952,1476149522,59875910.000000,