binning,indexing total, transformation, indexing,total time,index file size
0.000000,54013482.000000,242013804,1651771719,54013482.000000,