binning,indexing total, transformation, indexing,total time,index file size
3241160.000000,1706530.000000,3906383,53203186,4947690.000000,