binning,indexing total, transformation, indexing,total time,index file size
3240877.000000,1783310.000000,3988037,56959507,5024187.000000,