binning,indexing total, transformation, indexing,total time,index file size
1188226.000000,13304762.000000,135957953,300417294,14492988.000000,