binning,indexing total, transformation, indexing,total time,index file size
1153588.000000,348814011.000000,98399746,380419691,349967599.000000,