binning,indexing total, transformation, indexing,total time,index file size
0.000000,11099618.000000,10320007,124762737,11099618.000000,