binning,indexing total, transformation, indexing,total time,index file size
3192821.000000,8111297.000000,29596269,187092684,11304118.000000,