binning,indexing total, transformation, indexing,total time,index file size
3153223.000000,6743670.000000,30036425,152268812,9896893.000000,