binning,indexing total, transformation, indexing,total time,index file size
3303224.000000,23543069.000000,310247736,301001178,26846293.000000,