binning,indexing total, transformation, indexing,total time,index file size
3297305.000000,18664247.000000,288988331,186753000,21961552.000000,