binning,indexing total, transformation, indexing,total time,index file size
884956.000000,28560103.000000,120625776,206521755,29445059.000000,