binning,indexing total, transformation, indexing,total time,index file size
910105.000000,28270474.000000,129774607,299732510,29180579.000000,