binning,indexing total, transformation, indexing,total time,index file size
2229027.000000,383860130.000000,96691862,363526069,386089157.000000,