binning,indexing total, transformation, indexing,total time,index file size
2226325.000000,29939137.000000,93491105,19975944,32165462.000000,