binning,indexing total, transformation, indexing,total time,index file size
0.000000,179895782.000000,77982236,41022410,179895782.000000,