binning,indexing total, transformation, indexing,total time,index file size
2216537.000000,83974367.000000,255990403,36013449,86190904.000000,