binning,indexing total, transformation, indexing,total time,index file size
2470481.000000,109089220.000000,250003272,35103403,111559701.000000,