binning,indexing total, transformation, indexing,total time,index file size
3013465.000000,19243032.000000,305957500,223830940,22256497.000000,