binning,indexing total, transformation, indexing,total time,index file size
3072186.000000,19507998.000000,292076787,271714924,22580184.000000,