binning,indexing total, transformation, indexing,total time,index file size
2266935.000000,2293018.000000,10582259,6926795,4559953.000000,