binning,indexing total, transformation, indexing,total time,index file size
2265182.000000,2178564.000000,10888436,7147009,4443746.000000,