binning,indexing total, transformation, indexing,total time,index file size
1109832.000000,11805927.000000,121046802,253530746,12915759.000000,