binning,indexing total, transformation, indexing,total time,index file size
1110847.000000,11733229.000000,119217708,274386983,12844076.000000,