binning,indexing total, transformation, indexing,total time,index file size
36114031.000000,16808557.000000,267998328,282371594,52922588.000000,