binning,indexing total, transformation, indexing,total time,index file size
36358828.000000,17266472.000000,274541715,299177256,53625300.000000,