binning,indexing total, transformation, indexing,total time,index file size
134705.000000,5054021.000000,26358599,148014245,5188726.000000,