binning,indexing total, transformation, indexing,total time,index file size
141669.000000,8472221.000000,28470825,271680749,8613890.000000,