binning,indexing total, transformation, indexing,total time,index file size
35782.000000,2037723.000000,3797115,64127300,2073505.000000,