binning,indexing total, transformation, indexing,total time,index file size
37162.000000,2598895.000000,3999406,82763237,2636057.000000,