binning,indexing total, transformation, indexing,total time,index file size
0.000000,100410231.000000,76944695,44296448,100410231.000000,