binning,indexing total, transformation, indexing,total time,index file size
2143500.000000,52390927.000000,198343931,52950875,54534427.000000,