binning,indexing total, transformation, indexing,total time,index file size
2070583.000000,59214490.000000,198667765,53531895,61285073.000000,