binning,indexing total, transformation, indexing,total time,index file size
3110928.000000,16822548.000000,269285586,211604047,19933476.000000,