binning,indexing total, transformation, indexing,total time,index file size
3115013.000000,43581306.000000,348060579,1158059012,46696319.000000,