binning,indexing total, transformation, indexing,total time,index file size
0.000000,42865334.000000,198623360,1286602764,42865334.000000,