binning,indexing total, transformation, indexing,total time,index file size
1175134.000000,12567547.000000,129851865,284355319,13742681.000000,