binning,indexing total, transformation, indexing,total time,index file size
1168176.000000,348291514.000000,97305052,381501686,349459690.000000,