binning,indexing total, transformation, indexing,total time,index file size
2158453.000000,2977631.000000,16243970,8397323,5136084.000000,