binning,indexing total, transformation, indexing,total time,index file size
2179267.000000,17613015.000000,16180018,17649823,19792282.000000,