binning,indexing total, transformation, indexing,total time,index file size
174911799.000000,16690659.000000,276671308,274232604,191602458.000000,