binning,indexing total, transformation, indexing,total time,index file size
175714824.000000,16848573.000000,260634614,281744829,192563397.000000,