binning,indexing total, transformation, indexing,total time,index file size
170927160.000000,87006552.000000,351911161,2716190692,257933712.000000,