binning,indexing total, transformation, indexing,total time,index file size
0.000000,83845945.000000,92441526,2897311999,83845945.000000,