binning,indexing total, transformation, indexing,total time,index file size
3427491.000000,85480509.000000,213412714,2787175846,88908000.000000,