binning,indexing total, transformation, indexing,total time,index file size
3378187.000000,88832448.000000,216511176,2923110391,92210635.000000,