binning,indexing total, transformation, indexing,total time,index file size
12305296.000000,95107472.000000,349796702,3018828599,107412768.000000,