binning,indexing total, transformation, indexing,total time,index file size
3038909.000000,63505180.000000,252493725,51347205,66544089.000000,