binning,indexing total, transformation, indexing,total time,index file size
3121634.000000,90723253.000000,253181018,57332983,93844887.000000,