binning,indexing total, transformation, indexing,total time,index file size
0.000000,261896211.000000,170444478,369986867,261896211.000000,