binning,indexing total, transformation, indexing,total time,index file size
873756.000000,27190434.000000,113470764,250097301,28064190.000000,