binning,indexing total, transformation, indexing,total time,index file size
880917.000000,25282368.000000,136822045,192576246,26163285.000000,