binning,indexing total, transformation, indexing,total time,index file size
3058713.000000,14708313.000000,310306995,192920654,17767026.000000,