binning,indexing total, transformation, indexing,total time,index file size
3294388.000000,15575107.000000,308116905,218279880,18869495.000000,