binning,indexing total, transformation, indexing,total time,index file size
1117248.000000,12040970.000000,116764343,261597967,13158218.000000,