binning,indexing total, transformation, indexing,total time,index file size
1114336.000000,13825264.000000,125451821,335587923,14939600.000000,