binning,indexing total, transformation, indexing,total time,index file size
2713880.000000,18855474.000000,270310097,293027844,21569354.000000,