binning,indexing total, transformation, indexing,total time,index file size
2727542.000000,25009833.000000,258476534,513787622,27737375.000000,