binning,indexing total, transformation, indexing,total time,index file size
97642904.000000,15328453.000000,321366442,152266478,112971357.000000,