binning,indexing total, transformation, indexing,total time,index file size
97872024.000000,15792722.000000,317544879,127388040,113664746.000000,