binning,indexing total, transformation, indexing,total time,index file size
195411656.000000,16479937.000000,305280194,248090839,211891593.000000,