binning,indexing total, transformation, indexing,total time,index file size
195959789.000000,21270644.000000,280887804,426958699,217230433.000000,