binning,indexing total, transformation, indexing,total time,index file size
3232636.000000,16837675.000000,26318925,24268944,20070311.000000,