binning,indexing total, transformation, indexing,total time,index file size
3213600.000000,6030597.000000,40346059,169094857,9244197.000000,