binning,indexing total, transformation, indexing,total time,index file size
1575856.000000,17985623.000000,261205144,325141667,19561479.000000,