binning,indexing total, transformation, indexing,total time,index file size
1583641.000000,17713933.000000,261575271,317039631,19297574.000000,