binning,indexing total, transformation, indexing,total time,index file size
37087.000000,2014401.000000,3807287,62694306,2051488.000000,