binning,indexing total, transformation, indexing,total time,index file size
38806.000000,2525330.000000,3882784,80399685,2564136.000000,