binning,indexing total, transformation, indexing,total time,index file size
2233523.000000,13434855.000000,90075147,20391039,15668378.000000,