binning,indexing total, transformation, indexing,total time,index file size
2243781.000000,14237614.000000,91182297,21802583,16481395.000000,