binning,indexing total, transformation, indexing,total time,index file size
2723535.000000,23434964.000000,259764620,467154178,26158499.000000,