binning,indexing total, transformation, indexing,total time,index file size
2724097.000000,16117703.000000,250287201,238820675,18841800.000000,