binning,indexing total, transformation, indexing,total time,index file size
113772694.000000,17892980.000000,248787292,256970794,131665674.000000,