binning,indexing total, transformation, indexing,total time,index file size
114135959.000000,15942943.000000,258259719,245636217,130078902.000000,