binning,indexing total, transformation, indexing,total time,index file size
36120468.000000,17275957.000000,266177923,291865975,53396425.000000,