binning,indexing total, transformation, indexing,total time,index file size
36232510.000000,16950276.000000,250908168,310373224,53182786.000000,