binning,indexing total, transformation, indexing,total time,index file size
3296566.000000,19500543.000000,310001231,211897671,22797109.000000,