binning,indexing total, transformation, indexing,total time,index file size
3299365.000000,24424438.000000,309714494,343167531,27723803.000000,