binning,indexing total, transformation, indexing,total time,index file size
868972.000000,29963912.000000,111644821,301140669,30832884.000000,