binning,indexing total, transformation, indexing,total time,index file size
876350.000000,26652166.000000,110397010,247558809,27528516.000000,