binning,indexing total, transformation, indexing,total time,index file size
3527139.000000,18825897.000000,202015361,98159556,22353036.000000,