binning,indexing total, transformation, indexing,total time,index file size
3308576.000000,39425726.000000,225897072,376108871,42734302.000000,