binning,indexing total, transformation, indexing,total time,index file size
398392.000000,44847062.000000,54316994,112005899,45245454.000000,