binning,indexing total, transformation, indexing,total time,index file size
394966.000000,43630809.000000,43532598,91138462,44025775.000000,