binning,indexing total, transformation, indexing,total time,index file size
175972581.000000,18328879.000000,275293664,269286306,194301460.000000,