binning,indexing total, transformation, indexing,total time,index file size
177102824.000000,16894852.000000,293197961,256275715,193997676.000000,