binning,indexing total, transformation, indexing,total time,index file size
136014288.000000,17267175.000000,309721415,228081525,153281463.000000,