binning,indexing total, transformation, indexing,total time,index file size
137042465.000000,22709094.000000,298577036,379783572,159751559.000000,