# index creation time in ms, memory in MB
21751.917647,10681.15234375
