# index creation time in ms, memory in MB
100851.953635,79063.85546875
