# index creation time in ms, memory in MB
126890.019057,92773.4921875
