binning,indexing total, transformation, indexing,total time,index file size
91188569.000000,16782724.000000,320493804,211349263,107971293.000000,