binning,indexing total, transformation, indexing,total time,index file size
94689134.000000,20020351.000000,336171951,227095827,114709485.000000,