binning,indexing total, transformation, indexing,total time,index file size
0.000000,51559577.000000,228784358,1557530974,51559577.000000,