binning,indexing total, transformation, indexing,total time,index file size
3239088.000000,18198323.000000,343023943,243827285,21437411.000000,