binning,indexing total, transformation, indexing,total time,index file size
3822967.000000,53880808.000000,435154085,1433010536,57703775.000000,