binning,indexing total, transformation, indexing,total time,index file size
0.000000,134248274.000000,97725071,3429022683,134248274.000000,