binning,indexing total, transformation, indexing,total time,index file size
14518789.000000,89425042.000000,410671629,2749724397,103943831.000000,