binning,indexing total, transformation, indexing,total time,index file size
3317407.000000,100129877.000000,214469310,3288023415,103447284.000000,