binning,indexing total, transformation, indexing,total time,index file size
3385319.000000,84358627.000000,211818707,2772779031,87743946.000000,