binning,indexing total, transformation, indexing,total time,index file size
14497921.000000,102465512.000000,413548275,3217133884,116963433.000000,