binning,indexing total, transformation, indexing,total time,index file size
126874.000000,8943175.000000,28606764,287692339,9070049.000000,