binning,indexing total, transformation, indexing,total time,index file size
136005.000000,3939691.000000,23111439,113299360,4075696.000000,