binning,indexing total, transformation, indexing,total time,index file size
3306209.000000,5743175.000000,31481439,171328464,9049384.000000,