binning,indexing total, transformation, indexing,total time,index file size
3292830.000000,4930342.000000,29589944,143281821,8223172.000000,