binning,indexing total, transformation, indexing,total time,index file size
2705348.000000,16014232.000000,287062539,175561555,18719580.000000,