binning,indexing total, transformation, indexing,total time,index file size
2715149.000000,24585910.000000,258924694,513077651,27301059.000000,