binning,indexing total, transformation, indexing,total time,index file size
17579638.000000,17496186.000000,260694278,302252295,35075824.000000,