binning,indexing total, transformation, indexing,total time,index file size
17365143.000000,16575151.000000,236608141,304578035,33940294.000000,