binning,indexing total, transformation, indexing,total time,index file size
0.000000,83859816.000000,47096786,260357057,83859816.000000,