binning,indexing total, transformation, indexing,total time,index file size
2820714.000000,38387834.000000,119738146,173517994,41208548.000000,