binning,indexing total, transformation, indexing,total time,index file size
2826990.000000,42526318.000000,131547637,214740147,45353308.000000,