binning,indexing total, transformation, indexing,total time,index file size
3235947.000000,48677184.000000,267215244,435897761,51913131.000000,