binning,indexing total, transformation, indexing,total time,index file size
3250956.000000,120333255.000000,514235495,1543709043,123584211.000000,