binning,indexing total, transformation, indexing,total time,index file size
0.000000,168270039.000000,229979273,1159911555,168270039.000000,