binning,indexing total, transformation, indexing,total time,index file size
3536422.000000,11400768.000000,228187358,83722881,14937190.000000,