binning,indexing total, transformation, indexing,total time,index file size
32614912.000000,20857559.000000,611905548,49016978,53472471.000000,