binning,indexing total, transformation, indexing,total time,index file size
2819063.000000,10731170.000000,227793880,69403630,13550233.000000,