binning,indexing total, transformation, indexing,total time,index file size
32599232.000000,20109533.000000,615157425,45111491,52708765.000000,