binning,indexing total, transformation, indexing,total time,index file size
31458905.000000,10149396.000000,261764408,75453770,41608301.000000,