binning,indexing total, transformation, indexing,total time,index file size
31479074.000000,9546043.000000,263360003,49623104,41025117.000000,