binning,indexing total, transformation, indexing,total time,index file size
2883535.000000,5979801.000000,94420530,57180269,8863336.000000,