binning,indexing total, transformation, indexing,total time,index file size
3331278.000000,5553383.000000,94067115,81999872,8884661.000000,