binning,indexing total, transformation, indexing,total time,index file size
2201015.000000,4485187.000000,12678834,7686002,6686202.000000,