binning,indexing total, transformation, indexing,total time,index file size
2199496.000000,4027481.000000,12674630,5454637,6226977.000000,