binning,indexing total, transformation, indexing,total time,index file size
1149390.000000,350107361.000000,100165540,386174826,351256751.000000,