binning,indexing total, transformation, indexing,total time,index file size
1159778.000000,13284067.000000,131996909,291748513,14443845.000000,