binning,indexing total, transformation, indexing,total time,index file size
1148476.000000,348644788.000000,103910141,379756108,349793264.000000,