binning,indexing total, transformation, indexing,total time,index file size
1149674.000000,11583580.000000,125271906,245691455,12733254.000000,