binning,indexing total, transformation, indexing,total time,index file size
2696358.000000,16650567.000000,284509764,203516637,19346925.000000,