binning,indexing total, transformation, indexing,total time,index file size
2713474.000000,24350241.000000,259309412,500531632,27063715.000000,