binning,indexing total, transformation, indexing,total time,index file size
133172.000000,4975936.000000,25658933,147183412,5109108.000000,