binning,indexing total, transformation, indexing,total time,index file size
152590.000000,8565920.000000,27019092,276483928,8718510.000000,