binning,indexing total, transformation, indexing,total time,index file size
1125133.000000,13498655.000000,133199933,324818894,14623788.000000,