binning,indexing total, transformation, indexing,total time,index file size
1108559.000000,12148442.000000,119997076,267990344,13257001.000000,