binning,indexing total, transformation, indexing,total time,index file size
34659.000000,2573528.000000,4024325,82175247,2608187.000000,