binning,indexing total, transformation, indexing,total time,index file size
34880.000000,2088593.000000,3873329,64473999,2123473.000000,