binning,indexing total, transformation, indexing,total time,index file size
35178.000000,2577480.000000,4027260,81897446,2612658.000000,