binning,indexing total, transformation, indexing,total time,index file size
35890.000000,1993172.000000,3911489,61037873,2029062.000000,