binning,indexing total, transformation, indexing,total time,index file size
35766.000000,2537697.000000,4021507,80519446,2573463.000000,