binning,indexing total, transformation, indexing,total time,index file size
37315.000000,2123618.000000,3945798,65826726,2160933.000000,