binning,indexing total, transformation, indexing,total time,index file size
32136624.000000,6072760.000000,48354177,119739333,38209384.000000,