binning,indexing total, transformation, indexing,total time,index file size
4474939.000000,7615475.000000,18411357,174155029,12090414.000000,