binning,indexing total, transformation, indexing,total time,index file size
32069106.000000,5077454.000000,48555831,97648003,37146560.000000,