binning,indexing total, transformation, indexing,total time,index file size
4323632.000000,5721548.000000,17699162,116378839,10045180.000000,