binning,indexing total, transformation, indexing,total time,index file size
2782456.000000,29326411.000000,81674425,58116479,32108867.000000,