binning,indexing total, transformation, indexing,total time,index file size
2741614.000000,22870124.000000,84507762,46697346,25611738.000000,