binning,indexing total, transformation, indexing,total time,index file size
3150731.000000,81684573.000000,413465704,1331412807,84835304.000000,