binning,indexing total, transformation, indexing,total time,index file size
0.000000,117156581.000000,226387991,1136760878,117156581.000000,