binning,indexing total, transformation, indexing,total time,index file size
3293428.000000,45642527.000000,318705742,484043260,48935955.000000,