binning,indexing total, transformation, indexing,total time,index file size
3309680.000000,19318969.000000,308346806,173186205,22628649.000000,