binning,indexing total, transformation, indexing,total time,index file size
3289764.000000,18988504.000000,273369410,191838227,22278268.000000,