binning,indexing total, transformation, indexing,total time,index file size
155205474.000000,14195219.000000,247214907,207745376,169400693.000000,