binning,indexing total, transformation, indexing,total time,index file size
155821787.000000,15224268.000000,237111246,193833619,171046055.000000,