binning,indexing total, transformation, indexing,total time,index file size
199052074.000000,23353788.000000,336886278,425329475,222405862.000000,