binning,indexing total, transformation, indexing,total time,index file size
196008450.000000,16622245.000000,299529540,218579162,212630695.000000,