binning,indexing total, transformation, indexing,total time,index file size
37021.000000,1676135.000000,3757759,51313738,1713156.000000,