binning,indexing total, transformation, indexing,total time,index file size
34012.000000,2475827.000000,3944142,78732916,2509839.000000,