binning,indexing total, transformation, indexing,total time,index file size
135799.000000,8626324.000000,28452369,276729134,8762123.000000,