binning,indexing total, transformation, indexing,total time,index file size
129443.000000,4847282.000000,25385489,142628321,4976725.000000,