binning,indexing total, transformation, indexing,total time,index file size
4060443.000000,311979759.000000,230170123,10908418825,316040202.000000,