binning,indexing total, transformation, indexing,total time,index file size
33172595.000000,324813408.000000,653049422,10928883584,357986003.000000,