binning,indexing total, transformation, indexing,total time,index file size
3229132.000000,312228640.000000,233356923,10920601191,315457772.000000,