binning,indexing total, transformation, indexing,total time,index file size
33095041.000000,325089702.000000,666183184,10932798516,358184743.000000,