binning,indexing total, transformation, indexing,total time,index file size
0.000000,309107647.000000,89021076,10812495634,309107647.000000,