binning,indexing total, transformation, indexing,total time,index file size
131786407.000000,14122454.000000,318965932,120901606,145908861.000000,