binning,indexing total, transformation, indexing,total time,index file size
132749632.000000,14308898.000000,293767848,145169648,147058530.000000,