binning,indexing total, transformation, indexing,total time,index file size
3238179.000000,19416002.000000,26243615,25009571,22654181.000000,