binning,indexing total, transformation, indexing,total time,index file size
3222972.000000,8476199.000000,40209744,171572724,11699171.000000,