binning,indexing total, transformation, indexing,total time,index file size
55965067.000000,21392788.000000,292303347,271356741,77357855.000000,