binning,indexing total, transformation, indexing,total time,index file size
55485575.000000,17577156.000000,315967279,228770396,73062731.000000,