binning,indexing total, transformation, indexing,total time,index file size
3410443.000000,4480273.000000,11667593,31284836,7890716.000000,