binning,indexing total, transformation, indexing,total time,index file size
3421955.000000,4033998.000000,12480828,25324533,7455953.000000,