binning,indexing total, transformation, indexing,total time,index file size
94049999.000000,16826535.000000,279607656,271375701,110876534.000000,