binning,indexing total, transformation, indexing,total time,index file size
94454310.000000,16511267.000000,254790413,276772188,110965577.000000,