binning,indexing total, transformation, indexing,total time,index file size
36381968.000000,16702794.000000,329337254,200195596,53084762.000000,