binning,indexing total, transformation, indexing,total time,index file size
36789036.000000,17383970.000000,328261012,231015814,54173006.000000,