binning,indexing total, transformation, indexing,total time,index file size
115007728.000000,16768792.000000,324752460,213246371,131776520.000000,