binning,indexing total, transformation, indexing,total time,index file size
115111374.000000,21676088.000000,316938351,373045962,136787462.000000,