binning,indexing total, transformation, indexing,total time,index file size
201631.000000,17570341.000000,17966128,29754189,17771972.000000,