binning,indexing total, transformation, indexing,total time,index file size
212015.000000,8146494.000000,38861405,243895694,8358509.000000,