binning,indexing total, transformation, indexing,total time,index file size
162285.000000,3765763.000000,22501009,97370342,3928048.000000,