binning,indexing total, transformation, indexing,total time,index file size
192866.000000,6527244.000000,31121614,191526016,6720110.000000,