binning,indexing total, transformation, indexing,total time,index file size
391948.000000,43527024.000000,43352704,89916755,43918972.000000,