binning,indexing total, transformation, indexing,total time,index file size
378172.000000,44277222.000000,56290900,107639321,44655394.000000,