binning,indexing total, transformation, indexing,total time,index file size
2119410.000000,45193840.000000,49979742,61293881,47313250.000000,