binning,indexing total, transformation, indexing,total time,index file size
2115246.000000,51662798.000000,57798027,172891656,53778044.000000,