binning,indexing total, transformation, indexing,total time,index file size
884758.000000,28258912.000000,121747225,197864833,29143670.000000,