binning,indexing total, transformation, indexing,total time,index file size
868261.000000,28072472.000000,137141422,277248993,28940733.000000,