binning,indexing total, transformation, indexing,total time,index file size
3302252.000000,27127453.000000,344738392,414772372,30429705.000000,