binning,indexing total, transformation, indexing,total time,index file size
3292648.000000,19148198.000000,296800531,195426950,22440846.000000,