binning,indexing total, transformation, indexing,total time,index file size
0.000000,37848832.000000,242579593,886336471,37848832.000000,