binning,indexing total, transformation, indexing,total time,index file size
3069643.000000,13617339.000000,283584558,122235157,16686982.000000,