binning,indexing total, transformation, indexing,total time,index file size
3050350.000000,33750510.000000,460999636,695750949,36800860.000000,