binning,indexing total, transformation, indexing,total time,index file size
2733945.000000,25319691.000000,257436184,493093842,28053636.000000,