binning,indexing total, transformation, indexing,total time,index file size
2718082.000000,15883339.000000,269012367,185127560,18601421.000000,