binning,indexing total, transformation, indexing,total time,index file size
2243132.000000,883180.000000,1659575,5836188,3126312.000000,