binning,indexing total, transformation, indexing,total time,index file size
2254045.000000,930621.000000,1679467,6286173,3184666.000000,