binning,indexing total, transformation, indexing,total time,index file size
3045829.000000,19620265.000000,252598660,60654117,22666094.000000,