binning,indexing total, transformation, indexing,total time,index file size
3077531.000000,19535565.000000,251389584,60823802,22613096.000000,