binning,indexing total, transformation, indexing,total time,index file size
55833626.000000,17265575.000000,261549214,303665889,73099201.000000,