binning,indexing total, transformation, indexing,total time,index file size
55344056.000000,16182393.000000,277936821,239341826,71526449.000000,