binning,indexing total, transformation, indexing,total time,index file size
0.000000,31268838.000000,90602557,157265192,31268838.000000,