binning,indexing total, transformation, indexing,total time,index file size
2011601.000000,34851521.000000,252876045,32906574,36863122.000000,