binning,indexing total, transformation, indexing,total time,index file size
2121757.000000,36144244.000000,252111382,34339249,38266001.000000,