binning,indexing total, transformation, indexing,total time,index file size
35884.000000,2089945.000000,3811033,64672480,2125829.000000,