binning,indexing total, transformation, indexing,total time,index file size
38033.000000,2575212.000000,3927679,82030594,2613245.000000,