binning,indexing total, transformation, indexing,total time,index file size
160825.000000,4425605.000000,27321014,114557470,4586430.000000,