binning,indexing total, transformation, indexing,total time,index file size
156583.000000,6239086.000000,30913577,181379631,6395669.000000,