binning,indexing total, transformation, indexing,total time,index file size
0.000000,24239785.000000,77344395,124692321,24239785.000000,