binning,indexing total, transformation, indexing,total time,index file size
2300203.000000,29356413.000000,190915557,39753430,31656616.000000,