binning,indexing total, transformation, indexing,total time,index file size
2186540.000000,27662093.000000,193986538,33355942,29848633.000000,