binning,indexing total, transformation, indexing,total time,index file size
3251462.000000,26472237.000000,239115801,206240800,29723699.000000,