binning,indexing total, transformation, indexing,total time,index file size
0.000000,44059809.000000,176652872,575033027,44059809.000000,