binning,indexing total, transformation, indexing,total time,index file size
3270870.000000,25449603.000000,224194332,140942820,28720473.000000,