binning,indexing total, transformation, indexing,total time,index file size
33191890.000000,170138843.000000,648101532,3692446894,203330733.000000,