binning,indexing total, transformation, indexing,total time,index file size
4062066.000000,237155618.000000,237433350,2832806091,241217684.000000,