binning,indexing total, transformation, indexing,total time,index file size
3503350.000000,162217842.000000,244724726,2884884197,165721192.000000,