binning,indexing total, transformation, indexing,total time,index file size
33299155.000000,131706144.000000,657368644,2925602906,165005299.000000,