binning,indexing total, transformation, indexing,total time,index file size
0.000000,173800862.000000,113327908,2849755205,173800862.000000,