binning,indexing total, transformation, indexing,total time,index file size
166592.000000,6476508.000000,30474717,189228105,6643100.000000,