binning,indexing total, transformation, indexing,total time,index file size
160307.000000,3795131.000000,24024850,97416757,3955438.000000,