binning,indexing total, transformation, indexing,total time,index file size
37139.000000,2553589.000000,3931798,81820231,2590728.000000,