binning,indexing total, transformation, indexing,total time,index file size
35637.000000,2151313.000000,3952547,66574843,2186950.000000,