binning,indexing total, transformation, indexing,total time,index file size
0.000000,165342327.000000,193398264,676223601,165342327.000000,