binning,indexing total, transformation, indexing,total time,index file size
3294780.000000,42175397.000000,198899216,60011418,45470177.000000,