binning,indexing total, transformation, indexing,total time,index file size
3308884.000000,79863151.000000,302069519,614852296,83172035.000000,