binning,indexing total, transformation, indexing,total time,index file size
3265016.000000,23553355.000000,140632036,143639586,26818371.000000,