binning,indexing total, transformation, indexing,total time,index file size
3193776.000000,361869451.000000,134245518,362132043,365063227.000000,