binning,indexing total, transformation, indexing,total time,index file size
0.000000,24361639.000000,25741735,178204799,24361639.000000,