binning,indexing total, transformation, indexing,total time,index file size
3144780.000000,76517284.000000,291012710,307866064,79662064.000000,