binning,indexing total, transformation, indexing,total time,index file size
0.000000,104621789.000000,220217624,906501025,104621789.000000,