binning,indexing total, transformation, indexing,total time,index file size
3217449.000000,75172451.000000,280524709,283982799,78389900.000000,