binning,indexing total, transformation, indexing,total time,index file size
407461.000000,45275225.000000,54516434,118634718,45682686.000000,