binning,indexing total, transformation, indexing,total time,index file size
395771.000000,43230244.000000,42608626,90795946,43626015.000000,