binning,indexing total, transformation, indexing,total time,index file size
1493462.000000,54635236.000000,50826617,50274939,56128698.000000,