binning,indexing total, transformation, indexing,total time,index file size
1472343.000000,50777738.000000,39419267,48033382,52250081.000000,