binning,indexing total, transformation, indexing,total time,index file size
2151423.000000,84510303.000000,195351064,60408081,86661726.000000,