binning,indexing total, transformation, indexing,total time,index file size
2161557.000000,84711494.000000,194547199,57566819,86873051.000000,