binning,indexing total, transformation, indexing,total time,index file size
3573904.000000,6340648.000000,109342653,67684742,9914552.000000,