binning,indexing total, transformation, indexing,total time,index file size
31555664.000000,328665262.000000,260749057,329400642,360220926.000000,