binning,indexing total, transformation, indexing,total time,index file size
32862068.000000,9832020.000000,263672747,22974391,42694088.000000,