binning,indexing total, transformation, indexing,total time,index file size
3532499.000000,333149702.000000,83830860,340133034,336682201.000000,