binning,indexing total, transformation, indexing,total time,index file size
2218327.000000,48507512.000000,206929527,55875884,50725839.000000,