binning,indexing total, transformation, indexing,total time,index file size
1949857.000000,47107501.000000,205751397,52361005,49057358.000000,