binning,indexing total, transformation, indexing,total time,index file size
3273996.000000,23357966.000000,252635189,70045916,26631962.000000,