binning,indexing total, transformation, indexing,total time,index file size
0.000000,50169789.000000,195346535,615070816,50169789.000000,