binning,indexing total, transformation, indexing,total time,index file size
3247127.000000,24380397.000000,252662168,69399389,27627524.000000,