binning,indexing total, transformation, indexing,total time,index file size
888238.000000,26580052.000000,118295454,255016112,27468290.000000,