binning,indexing total, transformation, indexing,total time,index file size
907863.000000,28083047.000000,111253274,292929608,28990910.000000,