binning,indexing total, transformation, indexing,total time,index file size
3040910.000000,19027745.000000,280284530,243045298,22068655.000000,