binning,indexing total, transformation, indexing,total time,index file size
3017689.000000,18824009.000000,277266151,275157481,21841698.000000,