binning,indexing total, transformation, indexing,total time,index file size
2172135.000000,38245379.000000,236045058,49106428,40417514.000000,