binning,indexing total, transformation, indexing,total time,index file size
2606018.000000,44273208.000000,234600523,100911215,46879226.000000,