binning,indexing total, transformation, indexing,total time,index file size
0.000000,40584960.000000,98131050,220777951,40584960.000000,