binning,indexing total, transformation, indexing,total time,index file size
35828.000000,2619364.000000,4042106,83562656,2655192.000000,