binning,indexing total, transformation, indexing,total time,index file size
36283.000000,1920407.000000,3805499,59474247,1956690.000000,