binning,indexing total, transformation, indexing,total time,index file size
1150762.000000,350960956.000000,97652340,385775476,352111718.000000,