binning,indexing total, transformation, indexing,total time,index file size
1175008.000000,12384389.000000,130217664,269916095,13559397.000000,