binning,indexing total, transformation, indexing,total time,index file size
2438072.000000,47790584.000000,57040139,83673704,50228656.000000,