binning,indexing total, transformation, indexing,total time,index file size
0.000000,44746631.000000,10462164,101166243,44746631.000000,