binning,indexing total, transformation, indexing,total time,index file size
2387507.000000,50043944.000000,72043558,91452134,52431451.000000,