binning,indexing total, transformation, indexing,total time,index file size
3004660.000000,24394356.000000,314874661,423482828,27399016.000000,