binning,indexing total, transformation, indexing,total time,index file size
2997360.000000,18986190.000000,288475735,229259887,21983550.000000,