binning,indexing total, transformation, indexing,total time,index file size
31602454.000000,43961628.000000,126254658,58112441,75564082.000000,