binning,indexing total, transformation, indexing,total time,index file size
2711889.000000,41328565.000000,46431256,66484469,44040454.000000,