binning,indexing total, transformation, indexing,total time,index file size
2570327.000000,42182267.000000,62962616,65261557,44752594.000000,