binning,indexing total, transformation, indexing,total time,index file size
31334722.000000,43225111.000000,118581448,53833978,74559833.000000,