binning,indexing total, transformation, indexing,total time,index file size
1162080.000000,11550775.000000,122393391,246152460,12712855.000000,