binning,indexing total, transformation, indexing,total time,index file size
1160216.000000,350613467.000000,99153299,389507140,351773683.000000,