binning,indexing total, transformation, indexing,total time,index file size
209609.000000,8206744.000000,37752841,246572381,8416353.000000,