binning,indexing total, transformation, indexing,total time,index file size
200990.000000,17387206.000000,18337769,29756219,17588196.000000,