binning,indexing total, transformation, indexing,total time,index file size
1567587.000000,16833695.000000,244865453,295562378,18401282.000000,