binning,indexing total, transformation, indexing,total time,index file size
1551226.000000,17412863.000000,251044387,293240094,18964089.000000,