binning,indexing total, transformation, indexing,total time,index file size
181783.000000,6401677.000000,30808066,188299382,6583460.000000,