binning,indexing total, transformation, indexing,total time,index file size
161974.000000,3697939.000000,21595442,95777497,3859913.000000,