binning,indexing total, transformation, indexing,total time,index file size
3261954.000000,7198230.000000,28234268,149275172,10460184.000000,