binning,indexing total, transformation, indexing,total time,index file size
3264483.000000,5079126.000000,21223815,80448627,8343609.000000,