binning,indexing total, transformation, indexing,total time,index file size
0.000000,10624916.000000,11950188,154632099,10624916.000000,