binning,indexing total, transformation, indexing,total time,index file size
36314730.000000,15219765.000000,246569435,233450931,51534495.000000,