binning,indexing total, transformation, indexing,total time,index file size
36239959.000000,14922836.000000,239585910,217386576,51162795.000000,