binning,indexing total, transformation, indexing,total time,index file size
1905105.000000,29487581.000000,83992876,34494193,31392686.000000,