binning,indexing total, transformation, indexing,total time,index file size
1859601.000000,35097405.000000,80375312,39732780,36957006.000000,