binning,indexing total, transformation, indexing,total time,index file size
0.000000,183418976.000000,79804088,27147059,183418976.000000,