binning,indexing total, transformation, indexing,total time,index file size
2048765.000000,75250195.000000,251681710,38315811,77298960.000000,