binning,indexing total, transformation, indexing,total time,index file size
2065433.000000,123585201.000000,249889147,32049074,125650634.000000,