binning,indexing total, transformation, indexing,total time,index file size
74958414.000000,14430450.000000,280338122,191561376,89388864.000000,