binning,indexing total, transformation, indexing,total time,index file size
75374409.000000,18852405.000000,242213182,262025054,94226814.000000,