binning,indexing total, transformation, indexing,total time,index file size
2830355.000000,9728490.000000,233808910,79563404,12558845.000000,