binning,indexing total, transformation, indexing,total time,index file size
32749714.000000,22001559.000000,664132105,84582835,54751273.000000,