binning,indexing total, transformation, indexing,total time,index file size
2815811.000000,9879134.000000,239921679,72330531,12694945.000000,