binning,indexing total, transformation, indexing,total time,index file size
32703892.000000,21992457.000000,666870260,74836278,54696349.000000,