binning,indexing total, transformation, indexing,total time,index file size
1166341.000000,350262533.000000,97509859,385741019,351428874.000000,