binning,indexing total, transformation, indexing,total time,index file size
1170278.000000,12941920.000000,133818793,286405367,14112198.000000,