binning,indexing total, transformation, indexing,total time,index file size
0.000000,38583780.000000,11555424,110728462,38583780.000000,