binning,indexing total, transformation, indexing,total time,index file size
2285595.000000,44462708.000000,74889579,86055946,46748303.000000,