binning,indexing total, transformation, indexing,total time,index file size
2375216.000000,42279037.000000,58717689,82894963,44654253.000000,