binning,indexing total, transformation, indexing,total time,index file size
3018182.000000,13710177.000000,300942937,164091631,16728359.000000,