binning,indexing total, transformation, indexing,total time,index file size
3002612.000000,16151499.000000,298278407,239905411,19154111.000000,