binning,indexing total, transformation, indexing,total time,index file size
138560.000000,5058417.000000,25114831,149768807,5196977.000000,