binning,indexing total, transformation, indexing,total time,index file size
134828.000000,8157115.000000,27905809,261259893,8291943.000000,