binning,indexing total, transformation, indexing,total time,index file size
32524646.000000,14146285.000000,284650465,154009828,46670931.000000,