binning,indexing total, transformation, indexing,total time,index file size
32228761.000000,14077249.000000,302325677,114389899,46306010.000000,