binning,indexing total, transformation, indexing,total time,index file size
17394736.000000,15699031.000000,238055263,260552782,33093767.000000,