binning,indexing total, transformation, indexing,total time,index file size
17683105.000000,16847029.000000,225072517,302915649,34530134.000000,