binning,indexing total, transformation, indexing,total time,index file size
2763888.000000,44064635.000000,82280474,55523683,46828523.000000,