binning,indexing total, transformation, indexing,total time,index file size
2782468.000000,36835780.000000,85716556,50066941,39618248.000000,