binning,indexing total, transformation, indexing,total time,index file size
3252258.000000,17269374.000000,318532243,165796944,20521632.000000,