binning,indexing total, transformation, indexing,total time,index file size
0.000000,15144975.000000,108115067,304888283,15144975.000000,