binning,indexing total, transformation, indexing,total time,index file size
3275178.000000,17896566.000000,274978729,247171192,21171744.000000,