binning,indexing total, transformation, indexing,total time,index file size
3214874.000000,18154102.000000,350065828,259748172,21368976.000000,