binning,indexing total, transformation, indexing,total time,index file size
3302792.000000,17569504.000000,351816127,236564844,20872296.000000,