binning,indexing total, transformation, indexing,total time,index file size
207198.000000,7965132.000000,37803464,238462008,8172330.000000,