binning,indexing total, transformation, indexing,total time,index file size
194045.000000,17713394.000000,18203425,30083204,17907439.000000,