binning,indexing total, transformation, indexing,total time,index file size
17413554.000000,17558484.000000,244902929,335462140,34972038.000000,