binning,indexing total, transformation, indexing,total time,index file size
17349655.000000,16998544.000000,279138387,272185473,34348199.000000,