binning,indexing total, transformation, indexing,total time,index file size
208337.000000,17343439.000000,18108721,30119340,17551776.000000,