binning,indexing total, transformation, indexing,total time,index file size
200370.000000,8287489.000000,39554575,247858862,8487859.000000,