binning,indexing total, transformation, indexing,total time,index file size
165197.000000,6474859.000000,30903347,190446530,6640056.000000,