binning,indexing total, transformation, indexing,total time,index file size
165656.000000,4071937.000000,24029693,105961556,4237593.000000,