binning,indexing total, transformation, indexing,total time,index file size
4432420.000000,1854862.000000,3983744,59811022,6287282.000000,