binning,indexing total, transformation, indexing,total time,index file size
30021566.000000,695010.000000,7904618,14961676,30716576.000000,