binning,indexing total, transformation, indexing,total time,index file size
3749186.000000,1770349.000000,4273961,55625507,5519535.000000,