binning,indexing total, transformation, indexing,total time,index file size
30101749.000000,978938.000000,8539704,24532270,31080687.000000,