binning,indexing total, transformation, indexing,total time,index file size
3204729.000000,16573308.000000,260356287,279562419,19778037.000000,