binning,indexing total, transformation, indexing,total time,index file size
0.000000,48377988.000000,246747795,1391024975,48377988.000000,