binning,indexing total, transformation, indexing,total time,index file size
3219799.000000,63881873.000000,566615033,1683980093,67101672.000000,