binning,indexing total, transformation, indexing,total time,index file size
0.000000,134793026.000000,188538041,524218646,134793026.000000,