binning,indexing total, transformation, indexing,total time,index file size
3295953.000000,45825815.000000,198060791,80810952,49121768.000000,