binning,indexing total, transformation, indexing,total time,index file size
3371583.000000,72402626.000000,251283418,408819046,75774209.000000,