binning,indexing total, transformation, indexing,total time,index file size
136491.000000,8418400.000000,27911912,269938369,8554891.000000,