binning,indexing total, transformation, indexing,total time,index file size
140481.000000,5031899.000000,25261312,149537974,5172380.000000,