binning,indexing total, transformation, indexing,total time,index file size
3011501.000000,27144673.000000,280492409,447260589,30156174.000000,