binning,indexing total, transformation, indexing,total time,index file size
3029616.000000,18917847.000000,276878762,236216103,21947463.000000,