binning,indexing total, transformation, indexing,total time,index file size
0.000000,277428797.000000,264362417,885343321,277428797.000000,