binning,indexing total, transformation, indexing,total time,index file size
3240612.000000,89901853.000000,373627629,322878795,93142465.000000,