binning,indexing total, transformation, indexing,total time,index file size
3225106.000000,205097891.000000,458079190,955037888,208322997.000000,