binning,indexing total, transformation, indexing,total time,index file size
3303760.000000,8953181.000000,95321081,45033941,12256941.000000,