binning,indexing total, transformation, indexing,total time,index file size
3750324.000000,360774859.000000,129200475,384244612,364525183.000000,