binning,indexing total, transformation, indexing,total time,index file size
374995.000000,44697897.000000,53620619,120549085,45072892.000000,