binning,indexing total, transformation, indexing,total time,index file size
390970.000000,44042115.000000,48868377,95127027,44433085.000000,