binning,indexing total, transformation, indexing,total time,index file size
3006917.000000,23792256.000000,299689614,407322443,26799173.000000,