binning,indexing total, transformation, indexing,total time,index file size
3031507.000000,22456690.000000,290526712,376534421,25488197.000000,