binning,indexing total, transformation, indexing,total time,index file size
3735560.000000,3645044.000000,14559405,107679175,7380604.000000,