binning,indexing total, transformation, indexing,total time,index file size
31412899.000000,2522387.000000,41858772,37679743,33935286.000000,