binning,indexing total, transformation, indexing,total time,index file size
30635311.000000,2843026.000000,42429301,38808296,33478337.000000,