binning,indexing total, transformation, indexing,total time,index file size
3291827.000000,2183347.000000,14437922,58868360,5475174.000000,