binning,indexing total, transformation, indexing,total time,index file size
125114.000000,4891697.000000,24876309,145044112,5016811.000000,