binning,indexing total, transformation, indexing,total time,index file size
128780.000000,8535324.000000,27677342,274014472,8664104.000000,