binning,indexing total, transformation, indexing,total time,index file size
56024512.000000,17352318.000000,270165448,295448075,73376830.000000,