binning,indexing total, transformation, indexing,total time,index file size
55412441.000000,16715451.000000,275107732,270716629,72127892.000000,