binning,indexing total, transformation, indexing,total time,index file size
203334.000000,7345622.000000,38923694,215313259,7548956.000000,