binning,indexing total, transformation, indexing,total time,index file size
204140.000000,17346772.000000,18180314,29478397,17550912.000000,