binning,indexing total, transformation, indexing,total time,index file size
374818.000000,44686320.000000,52193049,122893099,45061138.000000,