binning,indexing total, transformation, indexing,total time,index file size
391110.000000,43187920.000000,43965690,89227528,43579030.000000,