binning,indexing total, transformation, indexing,total time,index file size
0.000000,84622072.000000,91449586,2924995756,84622072.000000,