binning,indexing total, transformation, indexing,total time,index file size
11530876.000000,97305339.000000,340848026,3113419123,108836215.000000,