binning,indexing total, transformation, indexing,total time,index file size
3450178.000000,89310265.000000,218728882,2949247306,92760443.000000,