binning,indexing total, transformation, indexing,total time,index file size
4135652.000000,84288795.000000,217926621,2768328932,88424447.000000,