binning,indexing total, transformation, indexing,total time,index file size
11482619.000000,88442949.000000,346237008,2768004543,99925568.000000,