binning,indexing total, transformation, indexing,total time,index file size
0.000000,69152864.000000,45634311,214330321,69152864.000000,