binning,indexing total, transformation, indexing,total time,index file size
3284532.000000,23385311.000000,137418589,140742893,26669843.000000,