binning,indexing total, transformation, indexing,total time,index file size
3282298.000000,26485443.000000,139696606,216675521,29767741.000000,