binning,indexing total, transformation, indexing,total time,index file size
3268438.000000,1958553.000000,3864036,54629364,5226991.000000,