binning,indexing total, transformation, indexing,total time,index file size
3267237.000000,2193998.000000,4033778,61113262,5461235.000000,