binning,indexing total, transformation, indexing,total time,index file size
35959.000000,2059548.000000,3816880,63490483,2095507.000000,