binning,indexing total, transformation, indexing,total time,index file size
28049.000000,2590827.000000,3953609,82811846,2618876.000000,