binning,indexing total, transformation, indexing,total time,index file size
135431442.000000,16225561.000000,267825239,264830031,151657003.000000,