binning,indexing total, transformation, indexing,total time,index file size
138056227.000000,16331527.000000,249042930,281700736,154387754.000000,