binning,indexing total, transformation, indexing,total time,index file size
3306477.000000,28996242.000000,296049559,357759400,32302719.000000,