binning,indexing total, transformation, indexing,total time,index file size
3303027.000000,18077019.000000,284445970,188404661,21380046.000000,