binning,indexing total, transformation, indexing,total time,index file size
877177.000000,27462183.000000,114859408,257688157,28339360.000000,