binning,indexing total, transformation, indexing,total time,index file size
886343.000000,28495328.000000,122404559,309568526,29381671.000000,