binning,indexing total, transformation, indexing,total time,index file size
155771423.000000,18366110.000000,329448124,208147766,174137533.000000,