binning,indexing total, transformation, indexing,total time,index file size
154698167.000000,16974073.000000,293638251,237366458,171672240.000000,