binning,indexing total, transformation, indexing,total time,index file size
3383357.000000,2614308.000000,12128127,32552990,5997665.000000,