binning,indexing total, transformation, indexing,total time,index file size
3444593.000000,3045420.000000,11714659,37682603,6490013.000000,