binning,indexing total, transformation, indexing,total time,index file size
132267.000000,5025038.000000,24229441,149544937,5157305.000000,