binning,indexing total, transformation, indexing,total time,index file size
133122.000000,8036979.000000,29803895,254324670,8170101.000000,