binning,indexing total, transformation, indexing,total time,index file size
393801.000000,45616830.000000,54262499,126982208,46010631.000000,