binning,indexing total, transformation, indexing,total time,index file size
400553.000000,43817976.000000,43744326,91546446,44218529.000000,