binning,indexing total, transformation, indexing,total time,index file size
1167338.000000,349367114.000000,98461166,385146385,350534452.000000,