binning,indexing total, transformation, indexing,total time,index file size
1153697.000000,12599183.000000,130466353,282733125,13752880.000000,