binning,indexing total, transformation, indexing,total time,index file size
0.000000,334537763.000000,239344579,768334560,334537763.000000,