binning,indexing total, transformation, indexing,total time,index file size
3052444.000000,62143737.000000,300865506,95509803,65196181.000000,