binning,indexing total, transformation, indexing,total time,index file size
3043312.000000,82981753.000000,301794089,130530134,86025065.000000,