binning,indexing total, transformation, indexing,total time,index file size
3065034.000000,15842386.000000,308628373,235843078,18907420.000000,