binning,indexing total, transformation, indexing,total time,index file size
3092206.000000,16451634.000000,283396957,271325175,19543840.000000,