binning,indexing total, transformation, indexing,total time,index file size
3274643.000000,10562035.000000,136376971,218556612,13836678.000000,