binning,indexing total, transformation, indexing,total time,index file size
3250141.000000,9514073.000000,142200301,145815511,12764214.000000,