binning,indexing total, transformation, indexing,total time,index file size
3347838.000000,67604614.000000,254365756,71829757,70952452.000000,