binning,indexing total, transformation, indexing,total time,index file size
0.000000,166059713.000000,83238256,76883158,166059713.000000,