binning,indexing total, transformation, indexing,total time,index file size
3398247.000000,81053045.000000,240594738,68577164,84451292.000000,