binning,indexing total, transformation, indexing,total time,index file size
196168624.000000,16474076.000000,265357235,276543620,212642700.000000,