binning,indexing total, transformation, indexing,total time,index file size
194898791.000000,16925167.000000,262822060,290277769,211823958.000000,