binning,indexing total, transformation, indexing,total time,index file size
1119491.000000,13498129.000000,129146839,325430533,14617620.000000,