binning,indexing total, transformation, indexing,total time,index file size
1128318.000000,11618073.000000,117395749,244790052,12746391.000000,