binning,indexing total, transformation, indexing,total time,index file size
2165958.000000,72230608.000000,235133117,43153041,74396566.000000,