binning,indexing total, transformation, indexing,total time,index file size
0.000000,176235011.000000,83164855,53558770,176235011.000000,