binning,indexing total, transformation, indexing,total time,index file size
2203623.000000,78543705.000000,236162489,52710186,80747328.000000,