binning,indexing total, transformation, indexing,total time,index file size
3302935.000000,18116279.000000,192087513,69147544,21419214.000000,