binning,indexing total, transformation, indexing,total time,index file size
3307791.000000,17730997.000000,196531221,64989441,21038788.000000,