binning,indexing total, transformation, indexing,total time,index file size
3334456.000000,4446887.000000,14394966,25470151,7781343.000000,