binning,indexing total, transformation, indexing,total time,index file size
3343293.000000,3909610.000000,13636987,18813307,7252903.000000,