binning,indexing total, transformation, indexing,total time,index file size
0.000000,265002530.000000,230465617,1115429773,265002530.000000,