binning,indexing total, transformation, indexing,total time,index file size
3298559.000000,223707662.000000,446028232,1244265880,227006221.000000,