binning,indexing total, transformation, indexing,total time,index file size
3281118.000000,80419043.000000,290002920,387103427,83700161.000000,