binning,indexing total, transformation, indexing,total time,index file size
0.000000,24273452.000000,82609845,114667446,24273452.000000,