binning,indexing total, transformation, indexing,total time,index file size
2160946.000000,36918333.000000,199192607,102132417,39079279.000000,