binning,indexing total, transformation, indexing,total time,index file size
2210903.000000,32977586.000000,198950814,71239874,35188489.000000,