binning,indexing total, transformation, indexing,total time,index file size
1510497.000000,14728557.000000,306266127,137737586,16239054.000000,