binning,indexing total, transformation, indexing,total time,index file size
1525490.000000,14295198.000000,305615144,134959827,15820688.000000,