binning,indexing total, transformation, indexing,total time,index file size
17333351.000000,13954922.000000,250233397,195634261,31288273.000000,