binning,indexing total, transformation, indexing,total time,index file size
17447583.000000,14264799.000000,244192708,193489531,31712382.000000,