binning,indexing total, transformation, indexing,total time,index file size
2504714.000000,202098098.000000,232829783,198717356,204602812.000000,