binning,indexing total, transformation, indexing,total time,index file size
0.000000,220397905.000000,79830709,202976258,220397905.000000,