binning,indexing total, transformation, indexing,total time,index file size
2225564.000000,78545863.000000,222636249,46576846,80771427.000000,