binning,indexing total, transformation, indexing,total time,index file size
1117131.000000,11498309.000000,114169732,246265101,12615440.000000,