binning,indexing total, transformation, indexing,total time,index file size
1117999.000000,14201546.000000,118110564,355140921,15319545.000000,