binning,indexing total, transformation, indexing,total time,index file size
136425465.000000,17082843.000000,253025678,282647993,153508308.000000,