binning,indexing total, transformation, indexing,total time,index file size
134440577.000000,15982919.000000,223510073,268968048,150423496.000000,