binning,indexing total, transformation, indexing,total time,index file size
208635.000000,17458863.000000,18011676,30102218,17667498.000000,