binning,indexing total, transformation, indexing,total time,index file size
192235.000000,7942306.000000,38389483,236743193,8134541.000000,