binning,indexing total, transformation, indexing,total time,index file size
2999396.000000,18310185.000000,296238022,205140622,21309581.000000,