binning,indexing total, transformation, indexing,total time,index file size
3029263.000000,23970269.000000,321314670,367234088,26999532.000000,