binning,indexing total, transformation, indexing,total time,index file size
1153950.000000,348533991.000000,97222698,382376840,349687941.000000,