binning,indexing total, transformation, indexing,total time,index file size
1168996.000000,12498396.000000,127923053,272465199,13667392.000000,