binning,indexing total, transformation, indexing,total time,index file size
165984357.000000,15772355.000000,315177010,120470788,181756712.000000,