binning,indexing total, transformation, indexing,total time,index file size
166014909.000000,14169327.000000,326906842,109009261,180184236.000000,