binning,indexing total, transformation, indexing,total time,index file size
149465.000000,4914194.000000,29151422,138893771,5063659.000000,