binning,indexing total, transformation, indexing,total time,index file size
149616.000000,3167373.000000,20258537,78097593,3316989.000000,