binning,indexing total, transformation, indexing,total time,index file size
3441041.000000,66343845.000000,265093152,525006786,69784886.000000,