binning,indexing total, transformation, indexing,total time,index file size
0.000000,131744472.000000,187885999,671334413,131744472.000000,