binning,indexing total, transformation, indexing,total time,index file size
3442534.000000,34898167.000000,209952810,85025084,38340701.000000,