binning,indexing total, transformation, indexing,total time,index file size
1567032.000000,15788329.000000,242986148,243811058,17355361.000000,