binning,indexing total, transformation, indexing,total time,index file size
1577467.000000,28222761.000000,302553159,637610621,29800228.000000,