binning,indexing total, transformation, indexing,total time,index file size
892800.000000,27030017.000000,108302578,234177830,27922817.000000,