binning,indexing total, transformation, indexing,total time,index file size
883222.000000,28419843.000000,117139166,304240740,29303065.000000,