binning,indexing total, transformation, indexing,total time,index file size
309307.000000,16262167.000000,223212039,304023614,16571474.000000,