binning,indexing total, transformation, indexing,total time,index file size
298984.000000,17299646.000000,218678142,321444265,17598630.000000,