binning,indexing total, transformation, indexing,total time,index file size
1560110.000000,16606211.000000,252395958,285067790,18166321.000000,