binning,indexing total, transformation, indexing,total time,index file size
1567417.000000,20548450.000000,234120915,393490504,22115867.000000,