binning,indexing total, transformation, indexing,total time,index file size
3242535.000000,10021781.000000,137366115,177268925,13264316.000000,