binning,indexing total, transformation, indexing,total time,index file size
3229394.000000,348932500.000000,135042183,364927879,352161894.000000,