binning,indexing total, transformation, indexing,total time,index file size
148751.000000,6121890.000000,30961767,178327656,6270641.000000,