binning,indexing total, transformation, indexing,total time,index file size
162050.000000,3817637.000000,22017392,99570153,3979687.000000,