binning,indexing total, transformation, indexing,total time,index file size
2328456.000000,34806379.000000,251184915,39597915,37134835.000000,