binning,indexing total, transformation, indexing,total time,index file size
2156141.000000,34835532.000000,253634190,36933525,36991673.000000,