binning,indexing total, transformation, indexing,total time,index file size
174774375.000000,15336470.000000,239608014,246653027,190110845.000000,