binning,indexing total, transformation, indexing,total time,index file size
175306496.000000,19293863.000000,247509549,381872762,194600359.000000,