binning,indexing total, transformation, indexing,total time,index file size
3320961.000000,20285236.000000,17460469,20290672,23606197.000000,