binning,indexing total, transformation, indexing,total time,index file size
3322834.000000,5551713.000000,17918571,31557465,8874547.000000,