binning,indexing total, transformation, indexing,total time,index file size
114877841.000000,16564306.000000,277407856,271861675,131442147.000000,