binning,indexing total, transformation, indexing,total time,index file size
114084923.000000,16414816.000000,266884326,260130067,130499739.000000,