binning,indexing total, transformation, indexing,total time,index file size
3295990.000000,19017107.000000,293734635,189366959,22313097.000000,