binning,indexing total, transformation, indexing,total time,index file size
3311450.000000,24836152.000000,303669973,305472749,28147602.000000,