binning,indexing total, transformation, indexing,total time,index file size
3292038.000000,18884073.000000,322249312,177738747,22176111.000000,