binning,indexing total, transformation, indexing,total time,index file size
3249575.000000,25835859.000000,300196867,392608174,29085434.000000,