binning,indexing total, transformation, indexing,total time,index file size
135595364.000000,21673441.000000,312945271,420167427,157268805.000000,