binning,indexing total, transformation, indexing,total time,index file size
134869354.000000,16507956.000000,277062093,264342910,151377310.000000,