binning,indexing total, transformation, indexing,total time,index file size
36635.000000,2115296.000000,3956799,65189275,2151931.000000,