binning,indexing total, transformation, indexing,total time,index file size
34640.000000,2498380.000000,3934825,79695663,2533020.000000,