binning,indexing total, transformation, indexing,total time,index file size
36084040.000000,16400606.000000,233565323,284939216,52484646.000000,