binning,indexing total, transformation, indexing,total time,index file size
36092057.000000,15757832.000000,227745362,278561126,51849889.000000,