binning,indexing total, transformation, indexing,total time,index file size
377775.000000,45091347.000000,52484129,118780528,45469122.000000,