binning,indexing total, transformation, indexing,total time,index file size
401081.000000,43819300.000000,42862583,93671949,44220381.000000,