binning,indexing total, transformation, indexing,total time,index file size
204470.000000,17711498.000000,18473949,30177959,17915968.000000,