binning,indexing total, transformation, indexing,total time,index file size
206000.000000,7691019.000000,39342733,226544553,7897019.000000,