binning,indexing total, transformation, indexing,total time,index file size
900140.000000,28790335.000000,120651199,302784735,29690475.000000,