binning,indexing total, transformation, indexing,total time,index file size
882076.000000,26567160.000000,115108285,244047477,27449236.000000,