binning,indexing total, transformation, indexing,total time,index file size
3338380.000000,368966868.000000,98013328,359640032,372305248.000000,