binning,indexing total, transformation, indexing,total time,index file size
3321620.000000,24126510.000000,95540929,41875470,27448130.000000,