binning,indexing total, transformation, indexing,total time,index file size
2699540.000000,18626855.000000,275999099,319029503,21326395.000000,