binning,indexing total, transformation, indexing,total time,index file size
2707033.000000,16071328.000000,279712260,201558143,18778361.000000,