binning,indexing total, transformation, indexing,total time,index file size
3041152.000000,19826619.000000,301180011,274362058,22867771.000000,