binning,indexing total, transformation, indexing,total time,index file size
3019138.000000,18684011.000000,281871900,250865772,21703149.000000,