binning,indexing total, transformation, indexing,total time,index file size
887606.000000,28486911.000000,122515482,302858118,29374517.000000,