binning,indexing total, transformation, indexing,total time,index file size
874888.000000,26945754.000000,118625710,250101963,27820642.000000,