binning,indexing total, transformation, indexing,total time,index file size
1860257.000000,48436934.000000,84303417,39266044,50297191.000000,