binning,indexing total, transformation, indexing,total time,index file size
1871548.000000,48507342.000000,81288913,44496406,50378890.000000,