binning,indexing total, transformation, indexing,total time,index file size
3140167.000000,66526517.000000,296288850,253746584,69666684.000000,