binning,indexing total, transformation, indexing,total time,index file size
0.000000,306996612.000000,202923274,1125043593,306996612.000000,