binning,indexing total, transformation, indexing,total time,index file size
3174213.000000,265469253.000000,355422115,1080676243,268643466.000000,