binning,indexing total, transformation, indexing,total time,index file size
115258489.000000,16676383.000000,260810157,281319726,131934872.000000,