binning,indexing total, transformation, indexing,total time,index file size
114790605.000000,16982647.000000,278599678,283047877,131773252.000000,