binning,indexing total, transformation, indexing,total time,index file size
397225.000000,43544880.000000,43179075,91008714,43942105.000000,