binning,indexing total, transformation, indexing,total time,index file size
386322.000000,45318874.000000,59613912,113938944,45705196.000000,