binning,indexing total, transformation, indexing,total time,index file size
176388428.000000,19023593.000000,283535622,344235093,195412021.000000,