binning,indexing total, transformation, indexing,total time,index file size
176374421.000000,14499605.000000,227434538,235122001,190874026.000000,