binning,indexing total, transformation, indexing,total time,index file size
1154145.000000,349852755.000000,97378980,385612625,351006900.000000,