binning,indexing total, transformation, indexing,total time,index file size
1175403.000000,12794787.000000,128570637,277687712,13970190.000000,