binning,indexing total, transformation, indexing,total time,index file size
328790.000000,12349566.000000,257293352,134565642,12678356.000000,