binning,indexing total, transformation, indexing,total time,index file size
306742.000000,17073546.000000,259505422,128726560,17380288.000000,