binning,indexing total, transformation, indexing,total time,index file size
2441264.000000,122456890.000000,252479318,52789536,124898154.000000,