binning,indexing total, transformation, indexing,total time,index file size
2190431.000000,85402369.000000,251354361,54634932,87592800.000000,