binning,indexing total, transformation, indexing,total time,index file size
0.000000,189572461.000000,88374925,72041121,189572461.000000,