binning,indexing total, transformation, indexing,total time,index file size
2245924.000000,1045696.000000,1669434,5202685,3291620.000000,