binning,indexing total, transformation, indexing,total time,index file size
2214677.000000,958786.000000,1620871,4749590,3173463.000000,