binning,indexing total, transformation, indexing,total time,index file size
1113596.000000,12782522.000000,137499967,299298158,13896118.000000,