binning,indexing total, transformation, indexing,total time,index file size
1106949.000000,11975524.000000,121009182,255259992,13082473.000000,