binning,indexing total, transformation, indexing,total time,index file size
1117982.000000,13854406.000000,124162586,336515865,14972388.000000,