binning,indexing total, transformation, indexing,total time,index file size
1129318.000000,11385247.000000,119958444,239355779,12514565.000000,