binning,indexing total, transformation, indexing,total time,index file size
15647210.000000,13722550.000000,307430436,114946303,29369760.000000,