binning,indexing total, transformation, indexing,total time,index file size
15921255.000000,14681638.000000,309317844,138590548,30602893.000000,