binning,indexing total, transformation, indexing,total time,index file size
155191842.000000,17050913.000000,267875266,283486186,172242755.000000,