binning,indexing total, transformation, indexing,total time,index file size
155185230.000000,16503686.000000,271389389,263847651,171688916.000000,