binning,indexing total, transformation, indexing,total time,index file size
1154463.000000,12406538.000000,128392571,274298773,13561001.000000,