binning,indexing total, transformation, indexing,total time,index file size
1155372.000000,350699255.000000,97942796,386875632,351854627.000000,