binning,indexing total, transformation, indexing,total time,index file size
74857559.000000,16062194.000000,291080911,243008817,90919753.000000,