binning,indexing total, transformation, indexing,total time,index file size
75448860.000000,20418469.000000,231774184,373238467,95867329.000000,