binning,indexing total, transformation, indexing,total time,index file size
382163.000000,43385128.000000,42481288,89983110,43767291.000000,