binning,indexing total, transformation, indexing,total time,index file size
392259.000000,44986129.000000,56711700,116909815,45378388.000000,