binning,indexing total, transformation, indexing,total time,index file size
3061320.000000,18937061.000000,300473898,231634478,21998381.000000,