binning,indexing total, transformation, indexing,total time,index file size
3077663.000000,26700801.000000,293450738,472961547,29778464.000000,