binning,indexing total, transformation, indexing,total time,index file size
387649.000000,45161023.000000,53423542,121382298,45548672.000000,