binning,indexing total, transformation, indexing,total time,index file size
394874.000000,43742392.000000,44177744,95552405,44137266.000000,