binning,indexing total, transformation, indexing,total time,index file size
4122871.000000,95984820.000000,205988366,3112003020,100107691.000000,