binning,indexing total, transformation, indexing,total time,index file size
15031179.000000,171202151.000000,399554337,3329683749,186233330.000000,