binning,indexing total, transformation, indexing,total time,index file size
14530931.000000,97982737.000000,406815760,2980151222,112513668.000000,