binning,indexing total, transformation, indexing,total time,index file size
0.000000,128018550.000000,94265363,4319625493,128018550.000000,