binning,indexing total, transformation, indexing,total time,index file size
3417506.000000,98471722.000000,199604742,3241183380,101889228.000000,