binning,indexing total, transformation, indexing,total time,index file size
75016992.000000,16177989.000000,281835466,247192977,91194981.000000,