binning,indexing total, transformation, indexing,total time,index file size
74993032.000000,16343822.000000,231827145,275622471,91336854.000000,