binning,indexing total, transformation, indexing,total time,index file size
32402296.000000,20526794.000000,587264124,64636960,52929090.000000,