binning,indexing total, transformation, indexing,total time,index file size
2712589.000000,9944872.000000,208476655,66569174,12657461.000000,