binning,indexing total, transformation, indexing,total time,index file size
2679199.000000,10068250.000000,206185359,106280233,12747449.000000,