binning,indexing total, transformation, indexing,total time,index file size
32433957.000000,20141667.000000,587256545,61821493,52575624.000000,