binning,indexing total, transformation, indexing,total time,index file size
112108991.000000,15514437.000000,255382052,240608713,127623428.000000,