binning,indexing total, transformation, indexing,total time,index file size
115693186.000000,19349283.000000,271471474,347306311,135042469.000000,