binning,indexing total, transformation, indexing,total time,index file size
208357.000000,7498320.000000,38859627,222306374,7706677.000000,