binning,indexing total, transformation, indexing,total time,index file size
201325.000000,17612694.000000,18059384,29765054,17814019.000000,