binning,indexing total, transformation, indexing,total time,index file size
3153436.000000,19929749.000000,283552496,387490835,23083185.000000,