binning,indexing total, transformation, indexing,total time,index file size
0.000000,54250004.000000,214006615,1629875249,54250004.000000,