binning,indexing total, transformation, indexing,total time,index file size
3221460.000000,64018457.000000,489657035,1745621889,67239917.000000,