binning,indexing total, transformation, indexing,total time,index file size
3310479.000000,2358404.000000,13439606,26058175,5668883.000000,