binning,indexing total, transformation, indexing,total time,index file size
3314558.000000,1998717.000000,13378168,20020740,5313275.000000,