binning,indexing total, transformation, indexing,total time,index file size
206787.000000,7218163.000000,37492377,212377312,7424950.000000,