binning,indexing total, transformation, indexing,total time,index file size
191514.000000,18000553.000000,18925972,29832941,18192067.000000,