binning,indexing total, transformation, indexing,total time,index file size
0.000000,11053433.000000,78976787,103504428,11053433.000000,