binning,indexing total, transformation, indexing,total time,index file size
3412826.000000,19012780.000000,208813967,78768176,22425606.000000,