binning,indexing total, transformation, indexing,total time,index file size
3398479.000000,19115517.000000,207738284,84502011,22513996.000000,