binning,indexing total, transformation, indexing,total time,index file size
1154999.000000,351642535.000000,99259117,386809970,352797534.000000,