binning,indexing total, transformation, indexing,total time,index file size
1167590.000000,12420480.000000,127346202,277277065,13588070.000000,