binning,indexing total, transformation, indexing,total time,index file size
1126639.000000,13582075.000000,132277391,326906472,14708714.000000,