binning,indexing total, transformation, indexing,total time,index file size
1111133.000000,12386956.000000,121926495,258328911,13498089.000000,