binning,indexing total, transformation, indexing,total time,index file size
155383.000000,6114744.000000,31495856,178333550,6270127.000000,