binning,indexing total, transformation, indexing,total time,index file size
161100.000000,4114992.000000,25831708,105734548,4276092.000000,