binning,indexing total, transformation, indexing,total time,index file size
1166260.000000,351139757.000000,98351088,384625412,352306017.000000,