binning,indexing total, transformation, indexing,total time,index file size
1168403.000000,11981516.000000,129364652,253238150,13149919.000000,