binning,indexing total, transformation, indexing,total time,index file size
3303351.000000,21400062.000000,313609469,252719678,24703413.000000,