binning,indexing total, transformation, indexing,total time,index file size
3318198.000000,18427006.000000,279325773,205642051,21745204.000000,