binning,indexing total, transformation, indexing,total time,index file size
3203045.000000,168795759.000000,467074673,1534184455,171998804.000000,