binning,indexing total, transformation, indexing,total time,index file size
3276281.000000,67736253.000000,313523243,219812540,71012534.000000,