binning,indexing total, transformation, indexing,total time,index file size
0.000000,176272746.000000,107531195,312728270,176272746.000000,