binning,indexing total, transformation, indexing,total time,index file size
3019757.000000,19371445.000000,293267293,244859151,22391202.000000,