binning,indexing total, transformation, indexing,total time,index file size
3017891.000000,19745704.000000,277567889,294008251,22763595.000000,