binning,indexing total, transformation, indexing,total time,index file size
156672.000000,3879589.000000,22827163,99622609,4036261.000000,