binning,indexing total, transformation, indexing,total time,index file size
157484.000000,6502990.000000,31477717,189505398,6660474.000000,