binning,indexing total, transformation, indexing,total time,index file size
3298726.000000,67948281.000000,196986722,70478762,71247007.000000,