binning,indexing total, transformation, indexing,total time,index file size
3277756.000000,69607264.000000,191932726,78427457,72885020.000000,