binning,indexing total, transformation, indexing,total time,index file size
2784544.000000,22604628.000000,120655732,145185227,25389172.000000,