binning,indexing total, transformation, indexing,total time,index file size
0.000000,23623567.000000,42215160,219736754,23623567.000000,