binning,indexing total, transformation, indexing,total time,index file size
2783156.000000,23707308.000000,121322061,173193968,26490464.000000,