binning,indexing total, transformation, indexing,total time,index file size
204866.000000,7461745.000000,34601589,222623401,7666611.000000,