binning,indexing total, transformation, indexing,total time,index file size
200968.000000,17689676.000000,18348910,28963321,17890644.000000,