binning,indexing total, transformation, indexing,total time,index file size
1122414.000000,11705304.000000,122803513,247446414,12827718.000000,