binning,indexing total, transformation, indexing,total time,index file size
1102270.000000,13668174.000000,120619157,344063946,14770444.000000,