binning,indexing total, transformation, indexing,total time,index file size
3299429.000000,23328250.000000,304104110,249704142,26627679.000000,