binning,indexing total, transformation, indexing,total time,index file size
3296497.000000,18537697.000000,313643577,171517503,21834194.000000,