binning,indexing total, transformation, indexing,total time,index file size
2712493.000000,24696599.000000,268757765,491655896,27409092.000000,