binning,indexing total, transformation, indexing,total time,index file size
2743198.000000,17016275.000000,263299644,221292531,19759473.000000,