binning,indexing total, transformation, indexing,total time,index file size
2706376.000000,16846947.000000,289758504,213880845,19553323.000000,