binning,indexing total, transformation, indexing,total time,index file size
2666832.000000,22031895.000000,301622488,429835344,24698727.000000,