binning,indexing total, transformation, indexing,total time,index file size
195591241.000000,15972415.000000,261921293,217114755,211563656.000000,