binning,indexing total, transformation, indexing,total time,index file size
194181574.000000,16230959.000000,272418758,235365322,210412533.000000,