binning,indexing total, transformation, indexing,total time,index file size
370587.000000,45147618.000000,54760211,124525281,45518205.000000,