binning,indexing total, transformation, indexing,total time,index file size
394761.000000,44272712.000000,46285387,90431442,44667473.000000,