binning,indexing total, transformation, indexing,total time,index file size
402496.000000,45295870.000000,53405872,121453084,45698366.000000,