binning,indexing total, transformation, indexing,total time,index file size
399510.000000,43638372.000000,42592252,90609741,44037882.000000,