binning,indexing total, transformation, indexing,total time,index file size
3216254.000000,16412174.000000,277646780,266978133,19628428.000000,