binning,indexing total, transformation, indexing,total time,index file size
0.000000,22915044.000000,143752022,632792494,22915044.000000,