binning,indexing total, transformation, indexing,total time,index file size
3219189.000000,16457452.000000,276393213,271417848,19676641.000000,