binning,indexing total, transformation, indexing,total time,index file size
3269662.000000,19027514.000000,198740853,76539971,22297176.000000,