binning,indexing total, transformation, indexing,total time,index file size
3283500.000000,19741700.000000,201137689,88738133,23025200.000000,