binning,indexing total, transformation, indexing,total time,index file size
3013895.000000,19660767.000000,267505139,265521760,22674662.000000,