binning,indexing total, transformation, indexing,total time,index file size
3047878.000000,23260973.000000,300001814,382996126,26308851.000000,