binning,indexing total, transformation, indexing,total time,index file size
1113344.000000,13838230.000000,119172224,353980761,14951574.000000,