binning,indexing total, transformation, indexing,total time,index file size
1121384.000000,11980405.000000,118555557,266531198,13101789.000000,