binning,indexing total, transformation, indexing,total time,index file size
316417.000000,15643156.000000,224542244,285656324,15959573.000000,