binning,indexing total, transformation, indexing,total time,index file size
271843.000000,15579338.000000,226988675,270198563,15851181.000000,